id,name,price,Stock Available
P0019,Tai nghe không dây,488.22,424
P0016,Bình gi? nhi?t,461.58,347
P0258,N?i c?m ?i?n,23.15,580
P0015,Áo thun nam,185.85,535
P0257,B? d?ng c? n?u ?n,949.24,704
P0499,Bình gi? nhi?t,388.89,521
P0018,Bàn phím c?,129.44,770
P0017,Tai nghe không dây,116.54,328
P0259,Sách ti?ng Anh,900.39,190
P0012,Kem ch?ng n?ng,100.14,314
P0254,Giày th? thao,41.16,66
P0496,Sách ti?ng Anh,821.29,799
P0011,B? d?ng c? n?u ?n,161.48,663
P0253,Qu?n jean n?,810.43,432
P0495,N?i c?m ?i?n,222.47,6
P0014,B? d?ng c? n?u ?n,315.67,720
P0256,Qu?n jean n?,643.71,633
P0498,B? d?ng c? n?u ?n,553.55,184
P0013,Tai nghe không dây,47.75,315
P0255,G?i ôm,579.48,416
P0497,B? d?ng c? n?u ?n,175.09,429
P0250,G?i ôm,61.53,24
P0492,Áo thun nam,800.93,884
P0491,G?i ôm,944.61,926
P0010,Túi xách da,646.06,796
P0252,N?i c?m ?i?n,375.81,233
P0494,Túi xách da,290.03,494
P0251,Sách ti?ng Anh,534.62,578
P0493,Qu?n jean n?,388.66,246
P0490,??ng h? thông minh,44.62,14
P0009,??ng h? thông minh,840.29,705
P0008,G?i ôm,939.65,142
P0005,Sách ti?ng Anh,643.71,263
P0247,Sách ti?ng Anh,394.79,103
P0489,Sách ti?ng Anh,373.75,489
P0004,Áo thun nam,176.04,239
P0246,Giày th? thao,98.67,968
P0488,Kem ch?ng n?ng,966.08,418
P0007,Qu?n jean n?,447.44,820
P0249,Qu?n jean n?,502.95,593
P0006,Máy ?nh mirrorless,263.13,993
P0248,Bàn phím c?,103.69,95
P0001,N?i c?m ?i?n,96.92,83
P0243,Kem ch?ng n?ng,547.1,977
P0485,?p l?ng ?i?n tho?i,678.84,713
P0242,G?i ôm,213.13,547
P0484,Giày th? thao,251.01,848
P0003,?p l?ng ?i?n tho?i,613.13,663
P0245,Tai nghe không dây,937.68,294
P0487,Giày th? thao,428.81,972
P0002,Bình gi? nhi?t,563.72,839
P0244,Kem ch?ng n?ng,501.77,508
P0486,Máy ?nh mirrorless,658.05,625
P0481,Qu?n jean n?,948.87,811
P0480,Giày th? thao,327.41,178
P0241,Áo thun nam,592.35,170
P0483,??ng h? thông minh,465.03,607
P0240,?p l?ng ?i?n tho?i,910.52,294
P0482,Qu?n jean n?,239.24,309
P0239,Sách ti?ng Anh,848.41,612
P0236,Giày th? thao,372.24,649
P0478,Qu?n jean n?,615.54,181
P0235,N?i c?m ?i?n,949.15,667
P0477,Túi xách da,952.66,965
P0238,B? d?ng c? n?u ?n,214.25,579
P0237,Kem ch?ng n?ng,850.62,840
P0479,Tai nghe không dây,251.54,795
P0232,Áo thun nam,73.24,753
P0474,Giày th? thao,463.19,645
P0231,N?i c?m ?i?n,495.59,122
P0473,Kem ch?ng n?ng,392.68,918
P0234,Máy ?nh mirrorless,826.22,563
P0476,Kem ch?ng n?ng,618.54,745
P0233,?p l?ng ?i?n tho?i,147.96,825
P0475,Sách ti?ng Anh,959.61,976
P0470,Bàn phím c?,169.36,415
P0230,B? d?ng c? n?u ?n,114.58,374
P0472,Áo thun nam,910.3,299
P0471,??ng h? thông minh,638.11,343
P0229,?p l?ng ?i?n tho?i,486.27,500
P0228,G?i ôm,523.83,904
P0225,B? d?ng c? n?u ?n,25.17,38
P0467,Áo thun nam,697.62,556
P0224,Túi xách da,814.88,663
P0466,Tai nghe không dây,828.4,340
P0227,Qu?n jean n?,709.02,352
P0469,Sách ti?ng Anh,91.1,717
P0226,N?i c?m ?i?n,284.07,651
P0468,Bàn phím c?,422.55,545
P0221,N?i c?m ?i?n,659.82,921
P0463,Túi xách da,663.61,106
P0220,Tai nghe không dây,782.8,127
P0462,Tai nghe không dây,772.48,818
P0223,Bình gi? nhi?t,990.2,343
P0465,Tai nghe không dây,13.62,233
P0222,Áo thun nam,170.2,760
P0464,Sách ti?ng Anh,731.42,79
P0461,Máy ?nh mirrorless,229.33,249
P0460,Sách ti?ng Anh,222.83,419
P0059,Máy ?nh mirrorless,436.89,587
P0056,??ng h? thông minh,356.74,346
P0298,Bàn phím c?,209.1,223
P0055,??ng h? thông minh,264.69,765
P0297,Giày th? thao,936.22,686
P0058,Tai nghe không dây,454.41,582
P0057,N?i c?m ?i?n,771.83,45
P0299,Giày th? thao,131.66,354
P0052,N?i c?m ?i?n,148.75,655
P0294,Máy ?nh mirrorless,555.16,121
P0051,?p l?ng ?i?n tho?i,986.77,199
P0293,Máy ?nh mirrorless,265.71,987
P0054,G?i ôm,370.89,657
P0296,?p l?ng ?i?n tho?i,144.35,72
P0053,?p l?ng ?i?n tho?i,888.36,983
P0295,N?i c?m ?i?n,115.17,938
P0290,Tai nghe không dây,480.88,13
P0050,Bàn phím c?,199.4,292
P0292,Bình gi? nhi?t,827.2,91
P0291,Tai nghe không dây,498.67,150
P0049,N?i c?m ?i?n,369.15,704
P0048,Giày th? thao,877.47,669
P0045,Áo thun nam,621.8,389
P0287,Bàn phím c?,85.64,886
P0044,Áo thun nam,347.22,503
P0286,B? d?ng c? n?u ?n,571.89,518
P0047,Bàn phím c?,98.79,965
P0289,??ng h? thông minh,587.02,597
P0046,Bàn phím c?,18.97,616
P0288,Qu?n jean n?,541.36,690
P0041,B? d?ng c? n?u ?n,918.04,762
P0283,Sách ti?ng Anh,892.83,835
P0040,Qu?n jean n?,451.2,35
P0282,Tai nghe không dây,440.53,698
P0043,Giày th? thao,751.16,701
P0285,N?i c?m ?i?n,19.4,701
P0042,Bàn phím c?,634.59,938
P0284,Máy ?nh mirrorless,791.77,615
P0281,Bình gi? nhi?t,79.19,566
P0280,Bình gi? nhi?t,545.63,838
P0038,??ng h? thông minh,956.61,886
P0037,N?i c?m ?i?n,335.29,957
P0279,Tai nghe không dây,440.55,97
P0039,Sách ti?ng Anh,198.55,850
P0034,B? d?ng c? n?u ?n,796.15,656
P0276,B? d?ng c? n?u ?n,27.49,498
P0033,Kem ch?ng n?ng,797.9,792
P0275,Máy ?nh mirrorless,334.51,454
P0036,G?i ôm,798.97,671
P0278,??ng h? thông minh,991.01,504
P0035,Máy ?nh mirrorless,531.47,206
P0277,Sách ti?ng Anh,460.01,48
P0030,Bình gi? nhi?t,927.43,258
P0272,Túi xách da,442.34,542
P0271,Tai nghe không dây,237.2,775
P0032,Kem ch?ng n?ng,370.72,362
P0274,Kem ch?ng n?ng,866.36,178
P0031,Bình gi? nhi?t,566.16,283
P0273,Bình gi? nhi?t,435.55,213
P0270,Tai nghe không dây,600.08,269
P0027,Bình gi? nhi?t,880.3,83
P0269,Bình gi? nhi?t,242.82,532
P0026,Sách ti?ng Anh,424.0,487
P0268,Qu?n jean n?,193.75,128
P0029,Áo thun nam,380.49,227
P0028,Túi xách da,131.71,610
P0023,Áo thun nam,119.94,521
P0265,Giày th? thao,552.45,966
P0022,Túi xách da,798.81,870
P0264,Bàn phím c?,308.34,982
P0025,Tai nghe không dây,297.71,603
P0267,Máy ?nh mirrorless,650.89,836
P0024,Qu?n jean n?,816.16,18
P0266,Bàn phím c?,948.1,688
P0261,Sách ti?ng Anh,274.16,477
P0260,G?i ôm,857.54,800
P0021,B? d?ng c? n?u ?n,379.15,147
P0263,Bàn phím c?,813.6,789
P0020,B? d?ng c? n?u ?n,600.74,457
P0262,Tai nghe không dây,676.06,466
P0099,G?i ôm,168.34,431
P0096,B? d?ng c? n?u ?n,188.77,983
P0095,Áo thun nam,521.27,787
P0098,??ng h? thông minh,197.83,616
P0097,Túi xách da,600.99,824
P0092,Bàn phím c?,810.29,952
P0091,G?i ôm,672.12,154
P0094,Sách ti?ng Anh,861.81,375
P0093,Máy ?nh mirrorless,102.17,993
P0090,Tai nghe không dây,930.8,411
P0089,Tai nghe không dây,958.14,279
P0088,Tai nghe không dây,749.71,21
P0085,Máy ?nh mirrorless,538.95,827
P0084,Bàn phím c?,492.53,498
P0087,Tai nghe không dây,720.02,110
P0086,Túi xách da,461.64,57
P0081,Máy ?nh mirrorless,627.32,306
P0080,Bình gi? nhi?t,804.98,300
P0083,Bình gi? nhi?t,276.09,452
P0082,G?i ôm,765.41,909
P0078,Tai nghe không dây,575.84,891
P0077,Bình gi? nhi?t,200.51,91
P0079,N?i c?m ?i?n,61.46,257
P0074,Sách ti?ng Anh,803.61,752
P0073,Bàn phím c?,591.4,39
P0076,B? d?ng c? n?u ?n,231.47,229
P0075,??ng h? thông minh,935.01,787
P0070,Qu?n jean n?,428.42,416
P0072,Bàn phím c?,310.22,944
P0071,Tai nghe không dây,479.58,832
P0067,Áo thun nam,157.68,262
P0066,Qu?n jean n?,107.61,451
P0069,G?i ôm,43.99,155
P0068,??ng h? thông minh,529.57,978
P0063,Sách ti?ng Anh,579.81,270
P0062,G?i ôm,398.33,598
P0065,Giày th? thao,445.44,389
P0064,?p l?ng ?i?n tho?i,367.67,944
P0061,B? d?ng c? n?u ?n,177.8,476
P0060,?p l?ng ?i?n tho?i,654.47,758
P0938,N?i c?m ?i?n,47.76,648
P0939,G?i ôm,402.39,961
P0936,?p l?ng ?i?n tho?i,159.7,953
P0937,Túi xách da,322.25,388
P0934,Tai nghe không dây,810.47,243
P0935,Máy ?nh mirrorless,782.06,581
P0932,Bình gi? nhi?t,127.13,896
P0933,Tai nghe không dây,984.08,789
P0930,Áo thun nam,255.68,538
P0931,Kem ch?ng n?ng,579.08,378
P0929,B? d?ng c? n?u ?n,531.3,730
P0927,Tai nghe không dây,379.01,80
P0928,Kem ch?ng n?ng,187.91,370
P0925,Áo thun nam,716.4,960
P0926,B? d?ng c? n?u ?n,60.96,498
P0923,Kem ch?ng n?ng,436.81,856
P0924,B? d?ng c? n?u ?n,358.22,681
P0921,Qu?n jean n?,959.09,811
P0922,Tai nghe không dây,860.54,669
P0920,Qu?n jean n?,687.33,457
P0918,?p l?ng ?i?n tho?i,965.08,95
P0919,Giày th? thao,127.03,676
P0916,Túi xách da,24.11,736
P0917,G?i ôm,707.52,269
P0914,Máy ?nh mirrorless,977.36,734
P0915,?p l?ng ?i?n tho?i,839.53,19
P0912,G?i ôm,100.49,308
P0913,B? d?ng c? n?u ?n,953.92,849
P0910,Máy ?nh mirrorless,484.64,569
P0911,Kem ch?ng n?ng,651.39,915
P0909,Kem ch?ng n?ng,948.12,395
P0907,B? d?ng c? n?u ?n,117.15,290
P0908,Máy ?nh mirrorless,629.33,255
P0905,Bàn phím c?,292.73,983
P0906,Túi xách da,764.07,586
P0903,Qu?n jean n?,52.96,757
P0904,Túi xách da,980.08,664
P0901,Bàn phím c?,850.66,115
P0902,Áo thun nam,384.65,360
P0900,N?i c?m ?i?n,30.06,832
P0739,Bình gi? nhi?t,81.3,386
P0738,Sách ti?ng Anh,366.44,111
P0735,Kem ch?ng n?ng,126.47,668
P0978,Bàn phím c?,474.79,962
P0734,Túi xách da,380.45,694
P0979,Giày th? thao,36.82,620
P0737,G?i ôm,775.91,388
P0976,G?i ôm,428.87,168
P0736,Kem ch?ng n?ng,823.87,179
P0977,N?i c?m ?i?n,963.37,404
P0731,Tai nghe không dây,730.1,4
P0974,Túi xách da,292.29,917
P0730,Túi xách da,846.53,114
P0975,??ng h? thông minh,500.48,219
P0733,Sách ti?ng Anh,802.15,731
P0972,G?i ôm,484.71,181
P0732,Túi xách da,953.43,621
P0973,Qu?n jean n?,966.56,368
P0970,Sách ti?ng Anh,741.12,388
P0971,Qu?n jean n?,855.8,721
P0728,??ng h? thông minh,780.58,255
P0727,B? d?ng c? n?u ?n,685.27,15
P0969,Túi xách da,436.12,955
P0729,??ng h? thông minh,94.55,255
P0724,Tai nghe không dây,50.09,600
P0967,Kem ch?ng n?ng,200.24,17
P0723,Giày th? thao,377.38,73
P0968,Túi xách da,783.65,869
P0726,Áo thun nam,476.16,902
P0965,Bàn phím c?,935.94,425
P0725,Kem ch?ng n?ng,522.1,481
P0966,Áo thun nam,55.03,372
P0720,??ng h? thông minh,860.37,620
P0963,??ng h? thông minh,613.15,433
P0964,B? d?ng c? n?u ?n,308.49,124
P0722,Bàn phím c?,956.79,393
P0961,Giày th? thao,542.15,843
P0721,Sách ti?ng Anh,408.03,238
P0962,G?i ôm,669.51,407
P0960,B? d?ng c? n?u ?n,770.76,106
P0717,B? d?ng c? n?u ?n,577.72,304
P0716,N?i c?m ?i?n,588.79,167
P0719,Qu?n jean n?,73.74,985
P0958,Qu?n jean n?,776.62,565
P0718,Bình gi? nhi?t,145.11,925
P0959,?p l?ng ?i?n tho?i,12.49,171
P0713,Bàn phím c?,124.33,97
P0956,Áo thun nam,369.74,484
P0712,N?i c?m ?i?n,464.53,15
P0957,N?i c?m ?i?n,397.29,365
P0715,Kem ch?ng n?ng,981.81,593
P0954,Túi xách da,929.19,474
P0714,Bình gi? nhi?t,836.13,236
P0955,?p l?ng ?i?n tho?i,16.94,500
P0952,Sách ti?ng Anh,43.67,288
P0953,Áo thun nam,478.68,633
P0711,Túi xách da,685.34,819
P0950,Sách ti?ng Anh,703.71,391
P0710,Bàn phím c?,350.54,943
P0951,G?i ôm,384.68,757
P0709,Giày th? thao,851.36,651
P0706,G?i ôm,863.71,288
P0949,Máy ?nh mirrorless,118.92,800
P0705,?p l?ng ?i?n tho?i,231.93,403
P0708,B? d?ng c? n?u ?n,959.99,393
P0947,Qu?n jean n?,992.99,817
P0707,Bàn phím c?,924.41,901
P0948,N?i c?m ?i?n,432.62,901
P0702,Qu?n jean n?,138.75,552
P0945,Tai nghe không dây,102.22,235
P0701,Giày th? thao,28.13,56
P0946,Giày th? thao,611.23,365
P0704,Bình gi? nhi?t,268.33,604
P0943,Giày th? thao,289.22,574
P0703,B? d?ng c? n?u ?n,923.81,442
P0944,Qu?n jean n?,336.18,496
P0941,Qu?n jean n?,683.99,787
P0942,Kem ch?ng n?ng,521.35,576
P0700,Máy ?nh mirrorless,213.32,210
P0940,Tai nghe không dây,393.08,879
P0537,Sách ti?ng Anh,358.5,996
P0779,Tai nghe không dây,563.32,419
P0536,Bình gi? nhi?t,883.41,967
P0778,Qu?n jean n?,419.17,660
P0539,Kem ch?ng n?ng,751.45,788
P0538,Kem ch?ng n?ng,32.97,190
P0533,Giày th? thao,456.16,355
P0775,?p l?ng ?i?n tho?i,458.94,592
P0532,Tai nghe không dây,611.05,660
P0774,?p l?ng ?i?n tho?i,609.45,266
P0535,Áo thun nam,359.97,150
P0777,Kem ch?ng n?ng,530.48,451
P0534,N?i c?m ?i?n,253.86,851
P0776,Sách ti?ng Anh,401.29,127
P0771,Bàn phím c?,242.38,204
P0770,??ng h? thông minh,24.61,235
P0531,G?i ôm,984.35,856
P0773,Bình gi? nhi?t,492.96,588
P0530,N?i c?m ?i?n,707.57,309
P0772,Qu?n jean n?,180.78,546
P0529,N?i c?m ?i?n,810.5,651
P0526,Tai nghe không dây,323.99,773
P0768,Áo thun nam,744.0,645
P0525,G?i ôm,43.04,622
P0767,Tai nghe không dây,646.53,389
P0528,Áo thun nam,156.93,809
P0527,G?i ôm,832.43,698
P0769,Sách ti?ng Anh,534.76,968
P0522,Bàn phím c?,802.13,632
P0764,Tai nghe không dây,703.39,843
P0521,Giày th? thao,377.55,157
P0763,B? d?ng c? n?u ?n,852.09,318
P0524,Giày th? thao,800.87,368
P0766,Qu?n jean n?,729.75,901
P0523,Sách ti?ng Anh,303.42,126
P0765,?p l?ng ?i?n tho?i,364.41,93
P0760,??ng h? thông minh,939.68,547
P0520,Áo thun nam,257.33,65
P0762,Kem ch?ng n?ng,868.29,859
P0761,Kem ch?ng n?ng,808.9,10
P0519,Túi xách da,650.87,28
P0518,Sách ti?ng Anh,791.96,291
P0515,G?i ôm,264.61,139
P0757,G?i ôm,16.83,138
P0514,Túi xách da,719.42,720
P0756,Sách ti?ng Anh,624.51,808
P0517,Kem ch?ng n?ng,406.68,418
P0759,Giày th? thao,358.38,663
P0998,Túi xách da,94.92,677
P0516,Tai nghe không dây,916.43,576
P0758,?p l?ng ?i?n tho?i,464.58,264
P0999,Kem ch?ng n?ng,20.91,975
P0511,Bàn phím c?,30.54,340
P0753,Kem ch?ng n?ng,383.8,223
P0996,Túi xách da,197.83,401
P0510,N?i c?m ?i?n,17.15,758
P0752,Túi xách da,809.27,996
P0997,B? d?ng c? n?u ?n,484.31,679
P0513,Áo thun nam,65.4,416
P0755,Bàn phím c?,759.94,766
P0994,Bình gi? nhi?t,331.91,192
P0512,?p l?ng ?i?n tho?i,825.06,508
P0754,Máy ?nh mirrorless,550.74,602
P0995,Qu?n jean n?,146.16,751
P0992,Qu?n jean n?,601.8,629
P0993,G?i ôm,498.53,106
P0751,Giày th? thao,358.8,534
P0990,??ng h? thông minh,397.59,938
P0750,N?i c?m ?i?n,489.36,30
P0991,Máy ?nh mirrorless,583.19,426
P0508,Sách ti?ng Anh,454.65,145
P0507,N?i c?m ?i?n,370.31,265
P0749,Giày th? thao,74.16,886
P0509,Máy ?nh mirrorless,793.54,297
P0504,Sách ti?ng Anh,534.26,920
P0746,Bàn phím c?,339.44,180
P0989,Bình gi? nhi?t,209.32,276
P0503,Bàn phím c?,487.02,203
P0745,Qu?n jean n?,839.2,524
P0506,Bình gi? nhi?t,819.29,434
P0748,B? d?ng c? n?u ?n,109.85,922
P0987,Bình gi? nhi?t,437.56,78
P0505,Giày th? thao,488.58,899
P0747,?p l?ng ?i?n tho?i,284.98,678
P0988,??ng h? thông minh,873.25,172
P0500,?p l?ng ?i?n tho?i,849.87,317
P0742,Qu?n jean n?,910.35,734
P0985,Áo thun nam,381.28,279
P0741,Bình gi? nhi?t,859.42,351
P0986,??ng h? thông minh,565.31,628
P0502,Tai nghe không dây,952.37,96
P0744,Bàn phím c?,354.68,840
P0983,Kem ch?ng n?ng,402.19,752
P0501,Sách ti?ng Anh,368.35,917
P0743,Áo thun nam,722.38,465
P0984,B? d?ng c? n?u ?n,744.95,185
P0981,Tai nghe không dây,461.93,817
P0982,Giày th? thao,84.82,854
P0740,B? d?ng c? n?u ?n,948.15,487
P0980,Sách ti?ng Anh,920.37,703
P0339,Tai nghe không dây,353.29,818
P0338,N?i c?m ?i?n,497.54,16
P0335,Sách ti?ng Anh,227.41,309
P0577,Túi xách da,215.91,261
P0334,Áo thun nam,847.82,915
P0576,Sách ti?ng Anh,112.36,838
P0337,Máy ?nh mirrorless,82.12,940
P0579,?p l?ng ?i?n tho?i,189.27,881
P0336,N?i c?m ?i?n,505.32,589
P0578,N?i c?m ?i?n,293.87,321
P0331,?p l?ng ?i?n tho?i,767.91,252
P0573,Tai nghe không dây,261.85,484
P0330,?p l?ng ?i?n tho?i,258.18,405
P0572,Kem ch?ng n?ng,890.46,765
P0333,Bàn phím c?,728.68,596
P0575,Tai nghe không dây,22.58,579
P0332,??ng h? thông minh,341.39,753
P0574,N?i c?m ?i?n,876.13,851
P0571,Giày th? thao,68.98,57
P0570,Sách ti?ng Anh,236.2,792
P0328,Túi xách da,866.95,618
P0327,Máy ?nh mirrorless,628.13,339
P0569,Bình gi? nhi?t,494.82,491
P0329,Qu?n jean n?,798.97,271
P0324,G?i ôm,966.8,475
P0566,Giày th? thao,854.93,945
P0323,Tai nghe không dây,271.92,269
P0565,Kem ch?ng n?ng,450.24,653
P0326,Bình gi? nhi?t,463.25,88
P0568,Túi xách da,236.6,611
P0325,Tai nghe không dây,923.31,199
P0567,N?i c?m ?i?n,673.38,844
P0320,Túi xách da,932.58,999
P0562,B? d?ng c? n?u ?n,785.24,230
P0561,Máy ?nh mirrorless,348.17,208
P0322,G?i ôm,738.5,230
P0564,Bình gi? nhi?t,440.58,239
P0321,B? d?ng c? n?u ?n,751.65,346
P0563,Sách ti?ng Anh,654.87,361
P0560,??ng h? thông minh,443.24,974
P0317,Bình gi? nhi?t,540.74,104
P0559,Bàn phím c?,768.03,145
P0316,??ng h? thông minh,922.05,541
P0558,Túi xách da,215.38,46
P0319,Áo thun nam,370.15,686
P0318,Áo thun nam,99.42,338
P0313,Bình gi? nhi?t,727.21,885
P0555,Bàn phím c?,562.52,371
P0797,Sách ti?ng Anh,247.31,125
P0312,?p l?ng ?i?n tho?i,380.01,908
P0554,Sách ti?ng Anh,171.6,566
P0796,Máy ?nh mirrorless,564.93,917
P0315,Sách ti?ng Anh,693.48,410
P0557,Kem ch?ng n?ng,757.38,822
P0799,B? d?ng c? n?u ?n,284.22,67
P0314,Kem ch?ng n?ng,458.37,668
P0556,Bình gi? nhi?t,833.83,185
P0798,G?i ôm,934.16,100
P0551,Tai nghe không dây,318.01,981
P0793,N?i c?m ?i?n,978.86,363
P0550,?p l?ng ?i?n tho?i,807.36,833
P0792,Tai nghe không dây,139.82,428
P0311,B? d?ng c? n?u ?n,732.17,243
P0553,Bình gi? nhi?t,663.29,733
P0795,Qu?n jean n?,25.23,159
P0310,Qu?n jean n?,521.28,750
P0552,G?i ôm,210.09,946
P0794,G?i ôm,753.14,443
P0791,G?i ôm,667.01,432
P0790,G?i ôm,321.47,181
P0309,Bàn phím c?,246.14,825
P0306,Tai nghe không dây,494.64,329
P0548,Giày th? thao,75.15,619
P0305,Bình gi? nhi?t,672.83,201
P0547,Sách ti?ng Anh,809.82,102
P0789,N?i c?m ?i?n,642.2,725
P0308,Giày th? thao,284.46,449
P0307,G?i ôm,966.98,328
P0549,Bình gi? nhi?t,796.17,520
P0302,Tai nghe không dây,237.7,951
P0544,??ng h? thông minh,333.24,706
P0786,Túi xách da,922.39,289
P0301,Tai nghe không dây,919.93,725
P0543,??ng h? thông minh,809.89,944
P0785,Áo thun nam,400.39,869
P0304,Tai nghe không dây,195.73,776
P0546,Bàn phím c?,224.07,760
P0788,Bình gi? nhi?t,958.64,154
P0303,Sách ti?ng Anh,911.95,660
P0545,Túi xách da,581.69,676
P0787,Tai nghe không dây,631.04,792
P0540,Áo thun nam,927.66,219
P0782,Giày th? thao,111.09,215
P0781,Sách ti?ng Anh,223.7,845
P0300,??ng h? thông minh,302.04,732
P0542,?p l?ng ?i?n tho?i,788.47,258
P0784,Bàn phím c?,972.1,243
P0541,G?i ôm,518.14,358
P0783,Áo thun nam,616.63,48
P0780,Kem ch?ng n?ng,653.24,97
P0137,Tai nghe không dây,627.21,552
P0379,Bình gi? nhi?t,13.21,763
P0136,Kem ch?ng n?ng,829.58,460
P0378,N?i c?m ?i?n,581.23,84
P0139,N?i c?m ?i?n,640.8,849
P0138,B? d?ng c? n?u ?n,875.96,178
P0133,Máy ?nh mirrorless,830.87,461
P0375,Tai nghe không dây,834.28,379
P0132,B? d?ng c? n?u ?n,182.19,121
P0374,Máy ?nh mirrorless,872.72,419
P0135,Giày th? thao,437.56,331
P0377,Bình gi? nhi?t,288.21,74
P0134,??ng h? thông minh,305.54,456
P0376,Bình gi? nhi?t,210.82,693
P0371,G?i ôm,751.04,169
P0370,??ng h? thông minh,803.66,23
P0131,Kem ch?ng n?ng,673.33,995
P0373,?p l?ng ?i?n tho?i,398.5,34
P0130,Bàn phím c?,32.33,197
P0372,Áo thun nam,473.17,459
P0129,Giày th? thao,50.66,481
P0126,Bình gi? nhi?t,98.71,556
P0368,?p l?ng ?i?n tho?i,50.06,506
P0125,Giày th? thao,357.27,580
P0367,Giày th? thao,734.08,687
P0128,Bàn phím c?,674.34,484
P0127,B? d?ng c? n?u ?n,752.49,278
P0369,G?i ôm,859.53,587
P0122,Kem ch?ng n?ng,949.82,420
P0364,Qu?n jean n?,491.5,67
P0121,Kem ch?ng n?ng,401.62,156
P0363,Bình gi? nhi?t,699.54,943
P0124,Máy ?nh mirrorless,673.56,10
P0366,G?i ôm,225.01,411
P0123,??ng h? thông minh,802.28,845
P0365,Túi xách da,906.94,725
P0360,Áo thun nam,129.69,649
P0120,Sách ti?ng Anh,64.54,829
P0362,B? d?ng c? n?u ?n,311.71,82
P0361,Túi xách da,923.55,154
P0119,Máy ?nh mirrorless,968.78,333
P0118,Sách ti?ng Anh,127.19,287
P0115,Bàn phím c?,958.12,53
P0357,Túi xách da,47.15,541
P0599,G?i ôm,638.86,927
P0114,Áo thun nam,405.06,747
P0356,Túi xách da,549.79,830
P0598,?p l?ng ?i?n tho?i,148.33,969
P0117,??ng h? thông minh,136.66,521
P0359,Giày th? thao,369.42,807
P0116,??ng h? thông minh,596.75,215
P0358,Kem ch?ng n?ng,695.7,912
P0111,N?i c?m ?i?n,837.01,513
P0353,B? d?ng c? n?u ?n,716.13,880
P0595,Máy ?nh mirrorless,670.42,604
P0110,Qu?n jean n?,780.78,395
P0352,?p l?ng ?i?n tho?i,420.07,699
P0594,Bàn phím c?,886.68,656
P0113,Áo thun nam,726.36,265
P0355,Giày th? thao,946.68,447
P0597,Áo thun nam,929.97,590
P0112,N?i c?m ?i?n,680.81,511
P0354,Tai nghe không dây,618.37,773
P0596,Áo thun nam,814.95,454
P0591,Sách ti?ng Anh,231.03,25
P0590,Giày th? thao,512.7,947
P0351,Tai nghe không dây,500.77,371
P0593,Giày th? thao,258.22,310
P0350,Kem ch?ng n?ng,468.76,128
P0592,?p l?ng ?i?n tho?i,223.32,88
P0108,Bàn phím c?,790.91,594
P0107,Qu?n jean n?,456.34,736
P0349,Sách ti?ng Anh,77.08,881
P0109,Bình gi? nhi?t,515.77,329
P0104,Áo thun nam,264.41,420
P0346,Túi xách da,733.46,673
P0588,Tai nghe không dây,251.17,780
P0103,Bàn phím c?,410.85,554
P0345,Qu?n jean n?,345.52,498
P0587,Sách ti?ng Anh,36.38,498
P0106,Áo thun nam,502.9,430
P0348,Qu?n jean n?,617.75,943
P0105,Kem ch?ng n?ng,477.94,220
P0347,Túi xách da,910.44,602
P0589,Qu?n jean n?,138.82,539
P0100,?p l?ng ?i?n tho?i,642.58,402
P0342,Tai nghe không dây,939.41,731
P0584,Bình gi? nhi?t,28.36,376
P0341,??ng h? thông minh,914.38,999
P0583,Tai nghe không dây,318.46,650
P0102,N?i c?m ?i?n,834.58,355
P0344,Bàn phím c?,68.89,149
P0586,Sách ti?ng Anh,302.89,36
P0101,Tai nghe không dây,347.02,844
P0343,G?i ôm,23.16,566
P0585,Sách ti?ng Anh,767.23,503
P0580,N?i c?m ?i?n,189.72,128
P0340,Sách ti?ng Anh,393.2,361
P0582,N?i c?m ?i?n,958.57,231
P0581,??ng h? thông minh,461.35,627
P0177,Túi xách da,717.83,870
P0176,??ng h? thông minh,35.36,625
P0179,N?i c?m ?i?n,205.37,32
P0178,Sách ti?ng Anh,912.49,52
P0173,Túi xách da,940.19,361
P0172,Qu?n jean n?,260.93,619
P0175,G?i ôm,127.46,264
P0174,N?i c?m ?i?n,656.33,400
P0171,Túi xách da,283.02,286
P0170,Máy ?nh mirrorless,240.32,464
P0169,Kem ch?ng n?ng,109.15,626
P0166,??ng h? thông minh,779.74,67
P0165,Kem ch?ng n?ng,374.87,405
P0168,Tai nghe không dây,926.61,938
P0167,Qu?n jean n?,373.98,181
P0162,B? d?ng c? n?u ?n,782.18,620
P0161,Áo thun nam,119.03,148
P0164,Qu?n jean n?,878.29,853
P0163,Áo thun nam,317.76,331
P0160,Sách ti?ng Anh,410.43,827
P0159,Tai nghe không dây,201.35,686
P0158,Tai nghe không dây,328.08,484
P0155,Máy ?nh mirrorless,914.49,41
P0397,Túi xách da,183.09,247
P0154,Bàn phím c?,581.26,958
P0396,B? d?ng c? n?u ?n,981.39,484
P0157,G?i ôm,935.28,731
P0399,Qu?n jean n?,765.8,423
P0156,?p l?ng ?i?n tho?i,741.82,312
P0398,?p l?ng ?i?n tho?i,121.68,193
P0151,N?i c?m ?i?n,970.77,823
P0393,Túi xách da,409.89,902
P0150,Qu?n jean n?,953.7,685
P0392,Tai nghe không dây,767.72,545
P1000,Túi xách da,981.0,826
P0153,??ng h? thông minh,795.63,584
P0395,?p l?ng ?i?n tho?i,689.13,121
P0152,?p l?ng ?i?n tho?i,226.86,924
P0394,B? d?ng c? n?u ?n,303.94,150
P0391,Bàn phím c?,93.42,176
P0390,Giày th? thao,347.84,274
P0148,Áo thun nam,896.72,409
P0147,??ng h? thông minh,195.2,994
P0389,Túi xách da,339.99,207
P0149,Bàn phím c?,944.14,184
P0144,Kem ch?ng n?ng,705.58,572
P0386,B? d?ng c? n?u ?n,41.16,607
P0143,Kem ch?ng n?ng,867.41,592
P0385,Tai nghe không dây,605.08,243
P0146,??ng h? thông minh,853.3,224
P0388,Tai nghe không dây,133.15,890
P0145,??ng h? thông minh,744.06,888
P0387,??ng h? thông minh,537.83,517
P0140,Sách ti?ng Anh,295.44,935
P0382,Túi xách da,216.64,182
P0381,Qu?n jean n?,645.08,813
P0142,Áo thun nam,337.13,251
P0384,G?i ôm,490.75,271
P0141,Túi xách da,580.84,44
P0383,Áo thun nam,492.1,467
P0380,Máy ?nh mirrorless,261.99,613
P0199,Máy ?nh mirrorless,756.39,295
P0198,Qu?n jean n?,920.0,333
P0195,B? d?ng c? n?u ?n,349.89,207
P0194,Túi xách da,369.39,395
P0197,Máy ?nh mirrorless,233.51,806
P0196,Sách ti?ng Anh,330.28,786
P0191,N?i c?m ?i?n,384.21,992
P0190,Bình gi? nhi?t,698.98,948
P0193,?p l?ng ?i?n tho?i,360.84,719
P0192,Qu?n jean n?,412.2,207
P0188,Túi xách da,240.22,427
P0187,??ng h? thông minh,862.71,68
P0189,Kem ch?ng n?ng,599.86,814
P0184,Sách ti?ng Anh,484.31,704
P0183,Bàn phím c?,902.21,527
P0186,Bàn phím c?,241.01,711
P0185,??ng h? thông minh,427.61,500
P0180,N?i c?m ?i?n,46.72,756
P0182,N?i c?m ?i?n,495.68,56
P0181,Sách ti?ng Anh,330.95,853
P0817,Túi xách da,785.11,831
P0818,G?i ôm,41.58,153
P0815,Máy ?nh mirrorless,234.51,919
P0816,Máy ?nh mirrorless,447.85,697
P0813,Tai nghe không dây,658.43,981
P0814,Bàn phím c?,684.67,726
P0811,G?i ôm,52.15,749
P0812,N?i c?m ?i?n,904.25,318
P0810,Máy ?nh mirrorless,809.73,655
P0808,Bàn phím c?,65.86,57
P0809,Kem ch?ng n?ng,811.45,237
P0806,??ng h? thông minh,248.7,432
P0807,Qu?n jean n?,655.06,166
P0804,Giày th? thao,887.21,409
P0805,Tai nghe không dây,735.89,955
P0802,Túi xách da,832.54,343
P0803,Kem ch?ng n?ng,574.26,725
P0800,Túi xách da,173.42,702
P0801,Sách ti?ng Anh,404.12,534
P0618,Tai nghe không dây,116.88,935
P0617,Tai nghe không dây,971.48,936
P0859,Máy ?nh mirrorless,168.48,814
P0619,B? d?ng c? n?u ?n,268.04,641
P0614,B? d?ng c? n?u ?n,177.26,354
P0857,Sách ti?ng Anh,863.85,49
P0613,Túi xách da,147.45,71
P0858,B? d?ng c? n?u ?n,723.03,142
P0616,G?i ôm,174.73,192
P0855,Áo thun nam,750.17,66
P0615,??ng h? thông minh,626.27,591
P0856,N?i c?m ?i?n,607.88,999
P0610,Kem ch?ng n?ng,926.88,112
P0853,Bình gi? nhi?t,418.29,765
P0854,??ng h? thông minh,642.23,544
P0612,G?i ôm,907.81,217
P0851,??ng h? thông minh,72.48,631
P0611,N?i c?m ?i?n,564.96,590
P0852,N?i c?m ?i?n,570.29,881
P0850,Áo thun nam,987.78,274
P0607,Giày th? thao,325.21,210
P0606,Sách ti?ng Anh,488.89,702
P0609,Sách ti?ng Anh,373.68,115
P0848,Áo thun nam,237.33,282
P0608,Giày th? thao,355.94,470
P0849,Máy ?nh mirrorless,856.57,384
P0603,Qu?n jean n?,469.98,611
P0846,?p l?ng ?i?n tho?i,361.32,181
P0602,Bàn phím c?,950.56,649
P0847,Giày th? thao,53.04,392
P0605,?p l?ng ?i?n tho?i,550.94,153
P0844,Máy ?nh mirrorless,867.26,927
P0604,Kem ch?ng n?ng,199.07,515
P0845,??ng h? thông minh,840.46,307
P0842,Áo thun nam,394.9,841
P0843,?p l?ng ?i?n tho?i,633.18,601
P0601,Túi xách da,441.37,339
P0840,Máy ?nh mirrorless,417.88,802
P0600,Tai nghe không dây,527.89,424
P0841,Áo thun nam,820.11,844
P0839,G?i ôm,103.61,332
P0837,Túi xách da,836.8,353
P0838,Sách ti?ng Anh,944.64,93
P0835,Kem ch?ng n?ng,844.76,920
P0836,Túi xách da,665.81,766
P0833,Kem ch?ng n?ng,873.47,829
P0834,B? d?ng c? n?u ?n,674.98,369
P0831,Tai nghe không dây,146.11,254
P0832,Bình gi? nhi?t,598.26,482
P0830,Bình gi? nhi?t,328.16,98
P0828,Kem ch?ng n?ng,244.1,459
P0829,Túi xách da,950.29,518
P0826,Bàn phím c?,225.26,122
P0827,Kem ch?ng n?ng,333.6,80
P0824,N?i c?m ?i?n,821.68,778
P0825,N?i c?m ?i?n,673.16,572
P0822,Qu?n jean n?,503.21,68
P0823,Giày th? thao,52.01,394
P0820,Bàn phím c?,774.09,215
P0821,Qu?n jean n?,45.4,308
P0819,N?i c?m ?i?n,314.33,160
P0419,Áo thun nam,871.23,984
P0416,Bàn phím c?,89.24,247
P0658,Giày th? thao,927.96,792
P0415,Bàn phím c?,434.38,548
P0657,Bình gi? nhi?t,679.75,848
P0418,??ng h? thông minh,915.15,150
P0899,G?i ôm,720.69,542
P0417,Tai nghe không dây,519.51,598
P0659,Túi xách da,626.49,821
P0412,Máy ?nh mirrorless,917.78,980
P0654,??ng h? thông minh,656.44,101
P0897,?p l?ng ?i?n tho?i,279.83,193
P0411,Bàn phím c?,435.88,214
P0653,?p l?ng ?i?n tho?i,106.61,606
P0898,Kem ch?ng n?ng,382.41,976
P0414,Giày th? thao,912.39,497
P0656,Máy ?nh mirrorless,750.09,522
P0895,??ng h? thông minh,580.03,409
P0413,?p l?ng ?i?n tho?i,729.37,719
P0655,Bàn phím c?,951.31,640
P0896,Bình gi? nhi?t,205.28,888
P0650,Túi xách da,949.67,886
P0893,Túi xách da,586.41,657
P0894,Áo thun nam,139.58,341
P0410,N?i c?m ?i?n,958.7,783
P0652,Qu?n jean n?,652.97,651
P0891,Áo thun nam,953.5,456
P0651,Áo thun nam,699.98,569
P0892,Kem ch?ng n?ng,586.77,475
P0890,?p l?ng ?i?n tho?i,870.04,341
P0409,Bình gi? nhi?t,954.48,459
P0408,Bình gi? nhi?t,508.85,851
P0405,Tai nghe không dây,250.31,425
P0647,Giày th? thao,338.95,481
P0404,Túi xách da,279.18,974
P0646,Kem ch?ng n?ng,922.76,938
P0407,Túi xách da,627.14,151
P0649,Bình gi? nhi?t,855.8,288
P0888,B? d?ng c? n?u ?n,820.77,191
P0406,Qu?n jean n?,208.3,886
P0648,Bình gi? nhi?t,136.82,699
P0889,??ng h? thông minh,702.63,556
P0401,G?i ôm,938.98,257
P0643,Giày th? thao,493.94,462
P0886,Bình gi? nhi?t,290.15,82
P0400,??ng h? thông minh,279.29,147
P0642,Máy ?nh mirrorless,217.67,711
P0887,Áo thun nam,540.31,251
P0403,Giày th? thao,273.49,321
P0645,Áo thun nam,252.26,742
P0884,G?i ôm,54.71,783
P0402,Qu?n jean n?,240.69,564
P0644,Giày th? thao,559.25,31
P0885,Bình gi? nhi?t,796.57,555
P0882,B? d?ng c? n?u ?n,850.45,460
P0883,Máy ?nh mirrorless,960.04,633
P0641,??ng h? thông minh,312.42,388
P0880,N?i c?m ?i?n,505.62,877
P0640,Sách ti?ng Anh,692.76,724
P0881,Sách ti?ng Anh,409.63,786
P0639,G?i ôm,613.0,225
P0636,Máy ?nh mirrorless,922.84,373
P0879,N?i c?m ?i?n,909.8,955
P0635,Sách ti?ng Anh,380.01,83
P0638,Máy ?nh mirrorless,424.41,591
P0877,Giày th? thao,82.6,778
P0637,Tai nghe không dây,173.95,392
P0878,??ng h? thông minh,289.65,397
P0632,Bình gi? nhi?t,99.32,582
P0875,Tai nghe không dây,452.02,95
P0631,B? d?ng c? n?u ?n,683.22,426
P0876,Sách ti?ng Anh,764.07,884
P0634,Áo thun nam,121.23,177
P0873,N?i c?m ?i?n,591.31,462
P0633,B? d?ng c? n?u ?n,792.07,372
P0874,Bình gi? nhi?t,548.23,281
P0871,Áo thun nam,395.76,737
P0872,Tai nghe không dây,976.81,772
P0630,B? d?ng c? n?u ?n,238.86,352
P0870,Bình gi? nhi?t,857.58,900
P0629,??ng h? thông minh,597.79,748
P0628,Tai nghe không dây,714.78,289
P0625,B? d?ng c? n?u ?n,694.51,982
P0868,Tai nghe không dây,439.08,459
P0624,Áo thun nam,318.84,531
P0869,Tai nghe không dây,203.06,743
P0627,Bình gi? nhi?t,23.45,274
P0866,Tai nghe không dây,91.54,541
P0626,Kem ch?ng n?ng,486.9,602
P0867,Kem ch?ng n?ng,705.38,320
P0621,Bàn phím c?,881.66,903
P0864,Máy ?nh mirrorless,245.48,190
P0620,Tai nghe không dây,762.89,122
P0865,Qu?n jean n?,616.2,108
P0623,N?i c?m ?i?n,471.2,762
P0862,Tai nghe không dây,186.92,382
P0622,Qu?n jean n?,373.43,1000
P0863,Áo thun nam,254.5,102
P0860,N?i c?m ?i?n,558.62,467
P0861,Qu?n jean n?,315.27,274
P0218,?p l?ng ?i?n tho?i,169.68,166
P0217,Sách ti?ng Anh,899.21,624
P0459,??ng h? thông minh,167.2,499
P0219,Qu?n jean n?,619.55,166
P0214,N?i c?m ?i?n,305.11,571
P0456,Túi xách da,994.51,870
P0698,Tai nghe không dây,145.48,741
P0213,Bình gi? nhi?t,477.24,171
P0455,Tai nghe không dây,109.98,276
P0697,Kem ch?ng n?ng,747.9,439
P0216,Áo thun nam,454.74,250
P0458,?p l?ng ?i?n tho?i,680.44,712
P0215,N?i c?m ?i?n,983.95,209
P0457,N?i c?m ?i?n,208.64,700
P0699,?p l?ng ?i?n tho?i,262.13,827
P0210,Bàn phím c?,658.86,637
P0452,Giày th? thao,99.37,8
P0694,Qu?n jean n?,449.37,39
P0451,?p l?ng ?i?n tho?i,701.34,941
P0693,Giày th? thao,721.09,456
P0212,Áo thun nam,915.01,941
P0454,Bình gi? nhi?t,66.57,298
P0696,G?i ôm,391.44,550
P0211,N?i c?m ?i?n,536.91,660
P0453,Bình gi? nhi?t,221.31,460
P0695,Kem ch?ng n?ng,407.97,41
P0690,Sách ti?ng Anh,314.29,520
P0450,Áo thun nam,837.17,70
P0692,??ng h? thông minh,63.55,657
P0691,Sách ti?ng Anh,656.85,355
P0207,G?i ôm,537.04,95
P0449,Qu?n jean n?,40.01,63
P0206,Máy ?nh mirrorless,427.1,491
P0448,Bình gi? nhi?t,575.41,173
P0209,Túi xách da,427.74,87
P0208,B? d?ng c? n?u ?n,688.36,862
P0203,Kem ch?ng n?ng,535.6,781
P0445,Bàn phím c?,406.71,226
P0687,B? d?ng c? n?u ?n,833.1,814
P0202,Giày th? thao,191.21,397
P0444,Máy ?nh mirrorless,508.04,99
P0686,Kem ch?ng n?ng,606.52,441
P0205,Qu?n jean n?,190.81,761
P0447,??ng h? thông minh,895.95,452
P0689,Bình gi? nhi?t,876.78,969
P0204,Túi xách da,831.52,320
P0446,N?i c?m ?i?n,859.29,959
P0688,N?i c?m ?i?n,244.53,894
P0441,Giày th? thao,666.57,297
P0683,Máy ?nh mirrorless,188.89,658
P0440,N?i c?m ?i?n,751.37,119
P0682,Giày th? thao,347.37,651
P0201,?p l?ng ?i?n tho?i,791.5,608
P0443,?p l?ng ?i?n tho?i,594.33,118
P0685,N?i c?m ?i?n,680.43,887
P0200,Áo thun nam,741.18,519
P0442,Máy ?nh mirrorless,319.31,800
P0684,B? d?ng c? n?u ?n,11.04,714
P0681,B? d?ng c? n?u ?n,110.08,472
P0680,Túi xách da,952.09,188
P0438,Tai nghe không dây,673.67,953
P0437,Kem ch?ng n?ng,214.75,471
P0679,Kem ch?ng n?ng,745.5,198
P0439,Qu?n jean n?,755.76,251
P0434,??ng h? thông minh,764.23,160
P0676,Bàn phím c?,659.18,826
P0433,N?i c?m ?i?n,812.42,152
P0675,B? d?ng c? n?u ?n,377.35,825
P0436,??ng h? thông minh,633.18,266
P0678,Bình gi? nhi?t,370.04,640
P0435,Áo thun nam,828.72,709
P0677,Túi xách da,527.13,188
P0430,Sách ti?ng Anh,384.78,133
P0672,Túi xách da,931.63,211
P0671,Sách ti?ng Anh,862.71,385
P0432,Kem ch?ng n?ng,773.44,392
P0674,Giày th? thao,609.39,960
P0431,Qu?n jean n?,546.34,749
P0673,Sách ti?ng Anh,769.12,586
P0670,Qu?n jean n?,343.48,604
P0427,B? d?ng c? n?u ?n,514.01,744
P0669,Bình gi? nhi?t,534.29,316
P0426,Qu?n jean n?,27.49,249
P0668,Bàn phím c?,210.28,878
P0429,Áo thun nam,269.97,290
P0428,Bình gi? nhi?t,947.96,16
P0423,Qu?n jean n?,779.88,411
P0665,Máy ?nh mirrorless,405.68,50
P0422,Kem ch?ng n?ng,269.77,301
P0664,?p l?ng ?i?n tho?i,341.96,784
P0425,?p l?ng ?i?n tho?i,479.67,757
P0667,Túi xách da,984.73,343
P0424,Tai nghe không dây,171.78,529
P0666,Bàn phím c?,895.85,873
P0661,Giày th? thao,932.79,659
P0660,?p l?ng ?i?n tho?i,723.22,539
P0421,Sách ti?ng Anh,480.1,19
P0663,Sách ti?ng Anh,196.32,870
P0420,Áo thun nam,692.12,962
P0662,Bàn phím c?,183.15,295
